{ "Profiles": [{
  "Name" : "Zsh Modular",
  "Guid" : "zsh-modular-profile",
  "Description" : "Tokyo Night theme with JetBrainsMono Nerd Font",
  "Tags" : ["Dynamic"],
  "Default Bookmark" : "No",
  "Custom Command" : "No",
  "Command" : "",
  "Custom Directory" : "No",
  "Terminal Type" : "xterm-256color",
  "Character Encoding" : 4,
  "Columns" : 120,
  "Rows" : 35,
  "Scrollback Lines" : 0,
  "Unlimited Scrollback" : true,

  "Normal Font" : "JetBrainsMonoNFM-Regular 14",
  "Non Ascii Font" : "JetBrainsMonoNFM-Regular 14",
  "Use Non-ASCII Font" : false,
  "Use Bold Font" : true,
  "Use Italic Font" : true,
  "Use Ligatures" : true,
  "ASCII Anti Aliased" : true,
  "Non-ASCII Anti Aliased" : true,
  "Draw Powerline Glyphs" : true,
  "Horizontal Spacing" : 1,
  "Vertical Spacing" : 1.1,

  "Background Color" : {
    "Red Component" : 0.10196078431372549,
    "Green Component" : 0.10980392156862745,
    "Blue Component" : 0.18823529411764706,
    "Alpha Component" : 1
  },
  "Foreground Color" : {
    "Red Component" : 0.76862745098039220,
    "Green Component" : 0.79607843137254897,
    "Blue Component" : 0.89411764705882357,
    "Alpha Component" : 1
  },
  "Bold Color" : {
    "Red Component" : 0.76862745098039220,
    "Green Component" : 0.79607843137254897,
    "Blue Component" : 0.89411764705882357,
    "Alpha Component" : 1
  },
  "Cursor Color" : {
    "Red Component" : 0.76862745098039220,
    "Green Component" : 0.79607843137254897,
    "Blue Component" : 0.89411764705882357,
    "Alpha Component" : 1
  },
  "Cursor Text Color" : {
    "Red Component" : 0.10196078431372549,
    "Green Component" : 0.10980392156862745,
    "Blue Component" : 0.18823529411764706,
    "Alpha Component" : 1
  },
  "Selection Color" : {
    "Red Component" : 0.16862745098039217,
    "Green Component" : 0.18823529411764706,
    "Blue Component" : 0.30196078431372547,
    "Alpha Component" : 1
  },
  "Selected Text Color" : {
    "Red Component" : 0.76862745098039220,
    "Green Component" : 0.79607843137254897,
    "Blue Component" : 0.89411764705882357,
    "Alpha Component" : 1
  },

  "Ansi 0 Color" : {
    "Red Component" : 0.09803921568627451,
    "Green Component" : 0.10588235294117647,
    "Blue Component" : 0.16862745098039217,
    "Alpha Component" : 1
  },
  "Ansi 1 Color" : {
    "Red Component" : 0.96862745098039216,
    "Green Component" : 0.47058823529411764,
    "Blue Component" : 0.47058823529411764,
    "Alpha Component" : 1
  },
  "Ansi 2 Color" : {
    "Red Component" : 0.58039215686274510,
    "Green Component" : 0.83137254901960789,
    "Blue Component" : 0.54901960784313730,
    "Alpha Component" : 1
  },
  "Ansi 3 Color" : {
    "Red Component" : 0.88627450980392153,
    "Green Component" : 0.77254901960784317,
    "Blue Component" : 0.45098039215686275,
    "Alpha Component" : 1
  },
  "Ansi 4 Color" : {
    "Red Component" : 0.48235294117647060,
    "Green Component" : 0.64705882352941180,
    "Blue Component" : 0.92156862745098034,
    "Alpha Component" : 1
  },
  "Ansi 5 Color" : {
    "Red Component" : 0.73333333333333328,
    "Green Component" : 0.47058823529411764,
    "Blue Component" : 0.83921568627450980,
    "Alpha Component" : 1
  },
  "Ansi 6 Color" : {
    "Red Component" : 0.49019607843137253,
    "Green Component" : 0.83529411764705885,
    "Blue Component" : 0.80000000000000004,
    "Alpha Component" : 1
  },
  "Ansi 7 Color" : {
    "Red Component" : 0.76862745098039220,
    "Green Component" : 0.79607843137254897,
    "Blue Component" : 0.89411764705882357,
    "Alpha Component" : 1
  },
  "Ansi 8 Color" : {
    "Red Component" : 0.27058823529411763,
    "Green Component" : 0.30980392156862746,
    "Blue Component" : 0.45098039215686275,
    "Alpha Component" : 1
  },
  "Ansi 9 Color" : {
    "Red Component" : 0.96862745098039216,
    "Green Component" : 0.47058823529411764,
    "Blue Component" : 0.47058823529411764,
    "Alpha Component" : 1
  },
  "Ansi 10 Color" : {
    "Red Component" : 0.58039215686274510,
    "Green Component" : 0.83137254901960789,
    "Blue Component" : 0.54901960784313730,
    "Alpha Component" : 1
  },
  "Ansi 11 Color" : {
    "Red Component" : 0.88627450980392153,
    "Green Component" : 0.77254901960784317,
    "Blue Component" : 0.45098039215686275,
    "Alpha Component" : 1
  },
  "Ansi 12 Color" : {
    "Red Component" : 0.48235294117647060,
    "Green Component" : 0.64705882352941180,
    "Blue Component" : 0.92156862745098034,
    "Alpha Component" : 1
  },
  "Ansi 13 Color" : {
    "Red Component" : 0.73333333333333328,
    "Green Component" : 0.47058823529411764,
    "Blue Component" : 0.83921568627450980,
    "Alpha Component" : 1
  },
  "Ansi 14 Color" : {
    "Red Component" : 0.49019607843137253,
    "Green Component" : 0.83529411764705885,
    "Blue Component" : 0.80000000000000004,
    "Alpha Component" : 1
  },
  "Ansi 15 Color" : {
    "Red Component" : 0.76862745098039220,
    "Green Component" : 0.79607843137254897,
    "Blue Component" : 0.89411764705882357,
    "Alpha Component" : 1
  },

  "Link Color" : {
    "Red Component" : 0.48235294117647060,
    "Green Component" : 0.64705882352941180,
    "Blue Component" : 0.92156862745098034,
    "Alpha Component" : 1
  },
  "Cursor Guide Color" : {
    "Red Component" : 0.16862745098039217,
    "Green Component" : 0.18823529411764706,
    "Blue Component" : 0.30196078431372547,
    "Alpha Component" : 0.25
  },
  "Badge Color" : {
    "Red Component" : 0.48235294117647060,
    "Green Component" : 0.64705882352941180,
    "Blue Component" : 0.92156862745098034,
    "Alpha Component" : 0.5
  },

  "Use Separate Colors for Light and Dark Mode" : false,
  "Blur" : false,
  "Transparency" : 0,
  "Blinking Cursor" : false,
  "Cursor Type" : 2,
  "Prompt Before Closing 2" : false,
  "Close Sessions On End" : true,
  "Mouse Reporting" : true,
  "Visual Bell" : true,
  "Silence Bell" : false,
  "Flashing Bell" : false,
  "Send Code When Idle" : false,
  "Use Bright Bold" : true,
  "Ambiguous Double Width" : false,
  "Right Option Key Sends" : 0,
  "Option Key Sends" : 0,
  "Window Type" : 0,
  "Screen" : -1,
  "Disable Window Resizing" : true,
  "Jobs to Ignore" : ["rlogin", "ssh", "slogin", "telnet"]
}]}
